{"_step":141,"_wandb":{"runtime":433},"_runtime":433,"batch_train_loss":0.46424028277397156,"_timestamp":1.781506060622911e+09}