{"_timestamp":1.781499284722464e+09,"_wandb":{"runtime":7825},"_runtime":7825,"_step":0,"epoch":1,"train_loss":0.14257910462400267,"val_loss":0.6961672065349725}